{"cameraMode":{"drawMode":0,"name":"Shaded","section":"Shading Mode"},"sceneLighting":false,"audioPlay":false,"sceneViewState":{"m_AlwaysRefresh":false,"showFog":true,"showSkybox":false,"showFlares":true,"showImageEffects":true,"showParticleSystems":true,"showVisualEffectGraphs":true,"m_FxEnabled":true},"in2DMode":false,"pivot":{"x":0.11779481917619705,"y":-0.10558193922042847,"z":-0.37870270013809206},"rotation":{"x":0.07161373645067215,"y":-0.02066635526716709,"z":-0.0014554430963471532,"w":-0.9972081184387207},"size":0.44694003462791445,"orthographic":false}