{"cameraMode":{"drawMode":0,"name":"Shaded","section":"Shading Mode"},"sceneLighting":false,"audioPlay":false,"sceneViewState":{"m_AlwaysRefresh":false,"showFog":true,"showSkybox":false,"showFlares":true,"showImageEffects":true,"showParticleSystems":true,"showVisualEffectGraphs":true,"m_FxEnabled":true},"in2DMode":false,"pivot":{"x":-0.10242236405611038,"y":-0.7899801731109619,"z":-0.05155336856842041},"rotation":{"x":-0.15830346941947938,"y":0.06391911208629608,"z":-0.010243671014904976,"w":-0.9852530360221863},"size":0.6908324360847473,"orthographic":false}