{"cameraMode":{"drawMode":0,"name":"Shaded","section":"Shading Mode"},"sceneLighting":false,"audioPlay":false,"sceneViewState":{"m_AlwaysRefresh":false,"showFog":true,"showSkybox":false,"showFlares":true,"showImageEffects":true,"showParticleSystems":true,"showVisualEffectGraphs":true,"m_FxEnabled":true},"in2DMode":false,"pivot":{"x":-0.25399917364120486,"y":-0.6624936461448669,"z":1.2960596084594727},"rotation":{"x":-0.11554913967847824,"y":0.003262079320847988,"z":-0.000350735877873376,"w":-0.9932863712310791},"size":1.8851114511489869,"orthographic":false}